{"cameraMode":{"drawMode":0,"name":"Shaded","section":"Shading Mode"},"sceneLighting":true,"audioPlay":false,"sceneViewState":{"showFog":true,"showMaterialUpdate":false,"showSkybox":true,"showFlares":true,"showImageEffects":true,"showParticleSystems":true,"showVisualEffectGraphs":true,"m_FxEnabled":true},"in2DMode":false,"pivot":{"x":9.536478996276856,"y":-0.5106210708618164,"z":13.352323532104493},"rotation":{"x":0.09048918634653092,"y":0.8734415769577026,"z":-0.17796511948108674,"w":0.4441168010234833},"size":14.066030502319336,"orthographic":false}