{"cameraMode":{"drawMode":0,"name":"Shaded","section":"Shading Mode"},"sceneLighting":true,"audioPlay":false,"sceneViewState":{"showFog":true,"showMaterialUpdate":false,"showSkybox":true,"showFlares":true,"showImageEffects":true,"showParticleSystems":true,"showVisualEffectGraphs":true,"m_FxEnabled":true},"in2DMode":false,"pivot":{"x":0.7784557342529297,"y":1.1949387788772584,"z":-0.35275888442993166},"rotation":{"x":0.11754179000854492,"y":0.8053008317947388,"z":-0.17038162052631379,"w":0.5555575489997864},"size":7.766027450561523,"orthographic":false}